<?xml version="1.0" encoding="UTF-8"?>
<!DOCTYPE log4j:configuration PUBLIC "-//APACHE//DTD LOG4J 1.2//EN" "log4j.dtd">
<log4j:configuration xmlns:log4j="http://jakarta.apache.org/log4j/">

	<!-- Appenders -->
	<appender name="console" class="org.apache.log4j.ConsoleAppender">
		<param name="Target" value="System.out" />
		<layout class="org.apache.log4j.PatternLayout">
<!-- 			<param name="ConversionPattern" value="%-5p: %c - %m%n" /> -->
			<param name="ConversionPattern" value="[%-5p]:[%d{yy-MM-dd HH:mm:ss}][%c(%L)] - %m%n" />
		</layout>
	</appender>
	<appender name="daily" class="org.apache.log4j.DailyRollingFileAppender">
        <param name="file" value="C:/workspace/temp/log/proj8.log"/>
        <param name="Append" value="true"/>
        <param name="DatePattern" value="'.'yyMMdd"/>
        <layout class="org.apache.log4j.PatternLayout">
            <param name="ConversionPattern" value="[%-5p]:[%d{yy-MM-dd HH:mm:ss}][%c(%L)] - %m%n"/>
        </layout>
    </appender>
    <appender name="rolling" class="org.apache.log4j.RollingFileAppender">
        <param name="file" value="C:/workspace/temp/log/proj8_size.log"/>
        <param name="Append" value="true"/>
        <param name="MaxFileSize" value="1KB"/>
        <param name="MaxBackupIndex" value="10"/> 
        <layout class="org.apache.log4j.PatternLayout">
            <param name="ConversionPattern" value="[%-5p]:[%d{yy-MM-dd HH:mm:ss}][%c(%L)] - %m%n"/>
        </layout>
    </appender>
	<!-- Application Loggers -->
	<logger name="kr.or.human">
		<level value="info" />
		<appender-ref ref="daily" />
		<appender-ref ref="rolling" />
	</logger>
	
	<logger name="jdbc.sqlonly" additivity="false"> 
        <level value="INFO"/> 
        <appender-ref ref="console"/> 
    </logger>

    <logger name="jdbc.resultsettable" additivity="false">
         <level value="INFO"/> 
         <appender-ref ref="console"/> 
     </logger>
	
	<!-- 3rdparty Loggers -->
	<logger name="org.springframework.core">
		<level value="info" />
	</logger>
	
	<logger name="org.springframework.beans">
		<level value="info" />
	</logger>
	
	<logger name="org.springframework.context">
		<level value="info" />
	</logger>

	<logger name="org.springframework.web">
		<level value="info" />
	</logger>

	<!-- Root Logger -->
	<root>
		<priority value="warn" />
		<appender-ref ref="console" />
	</root>
	
</log4j:configuration>
